{
  "seed": 42,
  "generatedAt": "2026-05-16T22:54:13.762Z",
  "templates": 156,
  "scenarios": {
    "A": {
      "top1": 156,
      "top3": 156,
      "top1Rate": 1,
      "top3Rate": 1,
      "avgBest": 1
    },
    "B": {
      "top1": 130,
      "top3": 156,
      "top1Rate": 0.8333333333333334,
      "top3Rate": 1,
      "avgBest": 0.9500037991806831
    },
    "C": {
      "top1": 48,
      "top3": 96,
      "top1Rate": 0.3076923076923077,
      "top3Rate": 0.6153846153846154,
      "avgBest": 0.9419704818842672
    },
    "D": {
      "top1": 116,
      "top3": 156,
      "top1Rate": 0.7435897435897436,
      "top3Rate": 1,
      "avgBest": 0.9548726717443543
    },
    "E": {
      "top1": 23,
      "top3": 60,
      "top1Rate": 0.14743589743589744,
      "top3Rate": 0.38461538461538464,
      "avgBest": 0.8352887868168449
    }
  }
}