{
  "seed": 42,
  "generatedAt": "2026-05-17T01:00:54.767Z",
  "templates": 156,
  "progressions": 20,
  "scenarios": {
    "A": {
      "top1": 156,
      "top3": 156,
      "top1Rate": 1,
      "top3Rate": 1,
      "avgBest": 1
    },
    "B": {
      "top1": 130,
      "top3": 156,
      "top1Rate": 0.8333333333333334,
      "top3Rate": 1,
      "avgBest": 0.9500037991806831
    },
    "C": {
      "top1": 48,
      "top3": 96,
      "top1Rate": 0.3076923076923077,
      "top3Rate": 0.6153846153846154,
      "avgBest": 0.9419704818842672
    },
    "D": {
      "top1": 116,
      "top3": 156,
      "top1Rate": 0.7435897435897436,
      "top3Rate": 1,
      "avgBest": 0.9548726717443543
    },
    "E": {
      "top1": 54,
      "top3": 146,
      "top1Rate": 0.34615384615384615,
      "top3Rate": 0.9358974358974359,
      "avgBest": 0.9289157295934354
    },
    "F": {
      "top1": 0,
      "top3": 0,
      "top1Rate": 0,
      "top3Rate": 0,
      "avgBest": 0
    }
  }
}